{
  "pixel": [
    1896,
    136
  ],
  "xyz_mm": [
    -205.82549482166945,
    261.78672298922424,
    0.0
  ],
  "source": "COLOR"
}