{
  "camera_matrix": [
    [
      1305.7014038081372,
      0.0,
      965.9473031304352
    ],
    [
      0.0,
      1305.039222272525,
      533.4745015719277
    ],
    [
      0.0,
      0.0,
      1.0
    ]
  ],
  "distortion_coefficients": [
    0.2721162790878223,
    -1.3640825246964317,
    0.0012181433532216911,
    -0.0015751461153044174,
    2.0817803816717944
  ],
  "homography_matrix": [
    [
      -0.3568877274873766,
      0.0021400232009665485,
      460.0864820340571
    ],
    [
      -0.00022982508290747748,
      -0.35957689704481366,
      324.4239189381976
    ],
    [
      2.7243584182312398e-05,
      -6.2719095574947865e-06,
      1.0
    ]
  ],
  "chessboard_size": [
    6,
    9
  ],
  "square_size_mm": 30.0,
  "required_captures": 3,
  "reprojection_error": 0.1664635507278817,
  "inliers": 54
}