{
  "camera_matrix": [
    [
      356.2787749324445,
      0.0,
      794.5108915537967
    ],
    [
      0.0,
      344.7655224806634,
      311.90826440843324
    ],
    [
      0.0,
      0.0,
      1.0
    ]
  ],
  "distortion_coefficients": [
    -0.0165231048127619,
    -0.0014272724821524948,
    0.008600011808955655,
    0.0012229411033024733,
    0.0055237738158121575
  ],
  "homography_matrix": [
    [
      0.0038017423128711655,
      -0.8425130584989018,
      487.5309518400005
    ],
    [
      0.8609020528398658,
      -0.018045665227484856,
      -668.0647711375403
    ],
    [
      0.00013471808822081074,
      0.00027983943318328047,
      0.9999999999999999
    ]
  ],
  "chessboard_size": [
    6,
    9
  ],
  "square_size_mm": 30.0,
  "required_captures": 3,
  "reprojection_error": 2.382535531801226,
  "inliers": 54
}