{
  "camera_matrix": [
    [
      2009.2630232493368,
      0.0,
      428.6388731514948
    ],
    [
      0.0,
      1562.4105228968344,
      382.33989857349803
    ],
    [
      0.0,
      0.0,
      1.0
    ]
  ],
  "distortion_coefficients": [
    -4.761103207440618,
    53.00920862905721,
    -0.16276673031070846,
    0.46710775047523856,
    -202.851632612248
  ],
  "homography_matrix": [
    [
      -0.16283599163785592,
      -0.781887173591596,
      360.30463181316225
    ],
    [
      0.7457983394341691,
      -0.13758578355222056,
      -491.2454249934569
    ],
    [
      -1.3892177030170083e-06,
      -0.00013073304370475147,
      1.0
    ]
  ],
  "chessboard_size": [
    6,
    9
  ],
  "square_size_mm": 30.0,
  "required_captures": 3,
  "reprojection_error": 2.2749356229860087,
  "inliers": 51
}