{
  "camera_matrix": [
    [
      878.9261576094799,
      0.0,
      621.2733596459389
    ],
    [
      0.0,
      904.9329900449635,
      391.51552133368114
    ],
    [
      0.0,
      0.0,
      1.0
    ]
  ],
  "distortion_coefficients": [
    0.2759882200085434,
    -1.283017996674651,
    0.013879869651625897,
    -0.019172290841679332,
    1.9305193537566405
  ],
  "homography_matrix": [
    [
      0.0020790801248888897,
      0.5735353213704489,
      -140.6388038037184
    ],
    [
      -0.5965036958917095,
      0.03658116222237136,
      292.9833025743835
    ],
    [
      -0.0004095766827576736,
      1.6022702811846403e-05,
      1.0
    ]
  ],
  "chessboard_size": [
    6,
    9
  ],
  "square_size_mm": 30.0,
  "required_captures": 3,
  "reprojection_error": 1.300265670183784,
  "inliers": 54
}