{
  "camera_matrix": [
    [
      1048.0055220876147,
      0.0,
      543.9107263084546
    ],
    [
      0.0,
      1117.6002701942193,
      340.5691258339867
    ],
    [
      0.0,
      0.0,
      1.0
    ]
  ],
  "distortion_coefficients": [
    -1.941466642594841,
    74.8038266264886,
    -0.05349640258228089,
    -0.034590967956599376,
    -803.3615884420257
  ],
  "homography_matrix": [
    [
      -0.07790090835393221,
      -1.5365544502954156,
      810.4818022532909
    ],
    [
      1.5890530438461632,
      0.06091524280499311,
      -771.50726781715
    ],
    [
      9.745746418161369e-05,
      0.00040764023017507737,
      1.0
    ]
  ],
  "chessboard_size": [
    6,
    9
  ],
  "square_size_mm": 30.0,
  "required_captures": 3,
  "reprojection_error": 0.4864705838910884,
  "inliers": 54
}