{
  "camera_matrix": [
    [
      953.8748800311109,
      0.0,
      635.0510780782143
    ],
    [
      0.0,
      950.3716155356453,
      331.5367462300982
    ],
    [
      0.0,
      0.0,
      1.0
    ]
  ],
  "distortion_coefficients": [
    0.22409928085715472,
    -1.5153217649135005,
    -0.005424928558119311,
    -0.005667023902829664,
    2.9654415192835453
  ],
  "homography_matrix": [
    [
      0.7405560249573627,
      -0.1454409126208707,
      -86.2834104104582
    ],
    [
      0.13340218550928318,
      0.8254904386885022,
      -284.4541085938404
    ],
    [
      -0.0002708317531252509,
      0.00010280679439667529,
      1.0
    ]
  ],
  "chessboard_size": [
    6,
    9
  ],
  "square_size_mm": 30.0,
  "required_captures": 3,
  "reprojection_error": 0.7163090798464047,
  "inliers": 54
}